timestamp,mode,sample,time_seconds
2026-10-06T08:56:48+03:00,warm,1,0.450529
2026-10-06T08:56:49+03:00,warm,2,0.512404
2026-10-06T08:56:49+03:00,warm,3,0.452381
2026-10-06T08:56:50+03:00,warm,4,0.425330
2026-10-06T08:56:50+03:00,warm,5,0.483683
2026-10-06T11:04:10+03:00,warm,1,0.520388
2026-10-06T11:04:11+03:00,warm,2,0.489452
2026-10-06T11:04:11+03:00,warm,3,0.494494
2026-10-06T11:04:13+03:00,warm,4,1.748168
2026-10-06T11:04:13+03:00,warm,5,0.618555
2026-10-06T11:32:23+03:00,cold,1,12.781654
2026-10-06T11:54:47+03:00,cold,2,13.891225
2026-10-06T12:16:24+03:00,cold,3,13.072699
